"con1","sup2","con3","sup4","sup5","con6","sup7","con8","con9","con10","prob1","prob2","prob3","prob4","creat1","creat2","creat3","na1","pa1","na2","pa2","na3","pa3","gender","age"
4,5,5,3,4,3,2,4,4,4,5,4,2,5,4,5,4,3,4,2,5,3,4,1,3
4,5,3,4,5,3,3,3,2,1,5,4,4,1,5,3,4,3,3,4,5,2,5,1,3
3,3,3,2,3,3,3,3,2,1,4,2,4,4,3,2,2,1,4,2,3,1,4,0,3
4,4,4,4,5,4,4,5,5,4,5,4,3,2,5,4,5,2,4,2,5,3,3,0,3
4,4,4,3,4,4,3,4,4,3,4,4,3,2,2,3,3,4,3,3,3,3,3,1,3
5,5,5,3,4,4,4,4,3,4,4,3,4,4,3,4,4,2,4,1,4,1,5,1,4
4,2,3,2,3,2,2,3,3,3,4,4,4,4,2,2,2,3,2,3,3,4,3,0,5
4,4,5,3,3,5,3,5,4,4,3,4,3,4,3,3,3,3,4,2,3,2,2,1,4
3,4,3,2,4,2,3,3,2,3,4,3,2,3,2,1,1,5,1,4,1,5,1,1,3
4,4,2,3,4,3,2,2,2,3,3,2,1,4,4,4,4,1,4,2,3,3,3,1,2
4,3,3,1,3,3,4,2,4,2,2,3,3,3,3,5,3,3,5,3,5,3,4,0,3
3,4,3,3,3,4,2,3,4,3,5,5,4,5,3,3,2,3,3,3,2,4,2,1,4
4,5,5,5,5,4,5,5,5,4,5,3,4,3,4,4,3,3,5,4,6,3,6,0,3
4,3,2,3,3,3,3,3,3,1,3,5,4,4,4,4,4,1,5,2,5,1,6,0,3
5,5,5,5,5,4,4,4,5,5,5,4,3,3,4,2,2,4,4,5,4,4,3,0,2
3,4,2,3,4,3,4,2,3,3,1,1,1,1,3,3,3,2,6,1,5,1,6,0,4
3,5,3,2,4,3,2,5,5,2,3,2,4,2,3,3,4,3,4,2,3,2,4,0,2
5,4,5,5,4,5,3,5,4,4,5,4,4,5,4,3,4,3,2,2,2,3,3,0,3
5,5,5,5,4,4,5,4,5,4,5,4,2,4,4,3,3,3,4,2,3,1,3,0,2
4,4,4,1,3,3,4,4,3,3,5,4,4,5,4,5,4,6,3,4,2,4,2,0,4
5,4,5,4,4,5,3,5,5,5,5,5,5,5,4,5,5,3,3,3,3,2,4,0,3
3,2,3,2,2,3,3,3,4,3,5,3,2,2,3,2,2,4,5,5,4,4,6,1,2
4,2,4,2,1,4,1,5,4,5,5,4,4,5,4,5,4,2,4,4,4,2,4,1,2
3,4,2,1,4,3,4,3,1,3,4,4,4,5,5,5,5,5,4,5,5,5,4,0,3
4,5,4,4,5,4,4,5,4,4,4,4,2,2,3,2,2,1,6,1,4,1,5,1,2
3,4,5,5,3,5,5,3,3,3,5,5,4,4,5,4,4,3,2,4,2,2,2,0,3
5,5,5,4,5,5,5,4,4,4,3,4,3,4,4,4,4,6,1,NA,NA,NA,NA,NA,NA
4,4,4,4,5,4,4,5,3,5,3,4,3,3,3,4,4,1,5,1,4,1,5,0,2
4,4,5,2,3,3,3,5,5,5,5,4,4,5,5,4,5,1,6,2,5,2,5,0,1
4,3,3,4,4,4,4,4,2,3,3,2,3,3,3,3,3,4,2,4,NA,NA,NA,NA,NA
4,4,4,5,4,5,5,5,4,2,4,5,5,4,5,5,4,3,5,3,4,2,5,0,1
3,4,5,4,4,4,4,3,3,3,3,3,5,3,1,1,2,4,4,3,4,4,3,0,5
5,4,4,3,4,5,4,5,5,3,5,4,3,4,2,2,2,2,2,3,1,2,2,1,4
4,3,4,3,3,3,3,4,3,2,4,3,5,3,3,2,2,3,3,3,3,3,2,1,4
4,2,4,1,2,3,1,3,3,3,5,4,4,3,3,3,3,5,4,5,3,4,3,1,3
4,4,4,4,3,5,5,3,4,4,4,3,4,3,3,2,3,3,4,1,5,2,4,0,3
5,4,4,4,3,4,2,3,4,3,3,4,3,2,3,5,4,3,5,4,4,3,4,0,2
4,5,3,5,5,3,5,4,4,3,3,1,3,3,4,3,3,4,4,5,1,4,3,0,3
4,3,4,3,4,4,3,4,4,4,4,3,2,2,1,2,1,4,4,4,2,4,2,0,5
3,3,4,4,4,5,4,5,4,3,3,4,5,4,3,3,3,2,4,1,6,3,3,0,5
5,3,4,2,4,3,2,4,4,3,3,3,3,3,2,2,2,3,3,4,2,4,2,0,4
3,5,3,5,4,4,5,4,3,2,3,1,3,3,1,3,3,2,3,2,4,3,3,1,4
5,4,4,3,5,5,4,5,4,4,3,4,4,4,3,4,3,2,4,1,3,1,3,1,2
4,4,5,4,3,4,5,4,5,5,4,4,4,4,3,3,2,2,3,2,3,2,3,0,3
4,5,4,5,5,4,5,4,4,3,5,4,3,4,4,3,3,4,4,2,3,3,3,0,5
5,5,4,4,3,4,3,3,5,3,3,3,2,3,4,3,4,4,3,4,2,4,3,1,2
4,3,4,4,4,3,5,4,4,1,5,4,4,3,4,5,4,3,5,3,6,3,5,0,1
5,5,5,5,4,5,3,5,5,5,5,4,4,4,3,2,2,2,5,3,3,1,4,1,5
4,4,3,5,5,4,5,5,4,4,4,2,3,3,3,3,3,2,5,3,5,2,5,1,1
4,3,3,4,2,4,1,3,3,1,4,3,4,3,3,4,4,4,4,4,4,4,3,1,4
3,4,4,5,5,4,5,4,5,5,3,3,3,4,3,2,3,4,5,3,5,3,6,1,3
4,5,5,4,5,4,4,5,5,1,2,3,2,2,3,3,2,4,2,3,1,4,2,0,2
4,4,4,5,4,4,5,5,3,4,3,2,3,2,4,3,4,2,5,2,5,2,4,1,4
5,5,5,3,3,5,4,4,4,4,3,3,3,3,3,4,4,1,6,NA,1,5,1,1,NA
3,5,3,4,5,4,5,5,3,4,5,4,4,5,5,4,3,3,4,3,3,3,4,1,2
5,5,5,4,4,4,5,5,5,3,4,4,3,3,2,3,3,3,5,1,5,1,5,0,2
4,5,4,5,4,4,4,5,4,5,2,3,4,3,4,4,3,2,5,1,5,1,4,1,3
4,5,3,2,4,2,4,3,2,3,3,4,3,3,2,3,2,3,3,3,2,3,3,1,4
3,5,4,4,4,4,3,3,4,2,5,3,4,4,5,4,5,3,4,2,6,2,4,0,2
5,4,4,3,3,4,3,3,3,4,5,5,5,5,3,3,3,4,5,4,5,5,5,0,4
3,3,3,3,3,3,2,4,3,1,4,2,2,2,2,3,2,3,5,3,4,3,3,1,2
4,5,3,4,4,4,2,5,4,4,5,4,4,4,3,2,2,4,4,3,3,4,3,0,5
3,3,5,3,3,4,2,4,4,3,3,3,3,3,2,2,3,2,4,2,4,1,3,0,4
3,4,4,3,4,3,4,2,3,2,2,4,2,3,3,2,4,2,3,3,2,3,4,1,3
5,4,5,4,5,4,4,4,5,4,5,5,3,3,4,4,4,1,5,2,3,2,4,0,3
4,4,4,5,4,5,4,3,4,2,3,2,1,3,4,4,4,1,2,NA,NA,NA,NA,NA,NA
5,5,5,5,4,3,3,4,3,5,3,3,2,2,4,4,4,1,5,1,5,1,5,0,4
4,4,3,4,5,3,3,3,2,3,5,3,4,3,4,5,4,2,4,1,3,1,2,1,4
2,5,3,4,4,4,4,3,4,2,3,3,3,2,3,4,4,3,4,3,3,2,4,1,1
3,4,1,2,4,2,3,3,3,1,4,3,4,3,2,4,2,3,2,3,3,3,4,0,2
4,5,5,2,3,4,3,4,4,4,4,5,2,4,2,3,3,2,4,2,3,2,4,1,1
4,4,5,3,3,4,3,5,4,4,4,4,4,3,1,2,2,4,6,3,4,3,5,0,5
3,4,2,4,4,2,3,3,2,2,5,2,2,3,5,4,5,3,4,4,4,5,5,0,3
5,3,4,4,4,5,3,5,5,3,2,5,3,3,3,3,2,1,4,3,3,3,2,0,5
5,4,5,5,4,5,4,5,5,5,5,5,5,5,5,4,3,3,3,2,5,2,4,1,1
4,4,5,4,5,5,3,5,4,2,4,4,5,5,3,4,3,2,4,3,4,1,4,0,3
4,5,5,4,4,5,5,5,5,3,5,3,4,5,3,4,3,2,4,2,5,2,4,0,3
3,3,3,1,3,2,2,3,1,1,5,4,4,5,5,5,5,5,3,5,3,5,3,0,1
3,3,5,3,4,5,3,4,4,2,4,5,5,5,4,5,5,2,3,2,3,1,4,1,3
5,4,4,3,4,4,4,4,3,2,3,4,4,4,4,3,4,3,4,3,5,5,3,1,1
3,4,3,4,4,4,3,3,2,2,3,4,4,4,3,4,5,3,3,3,3,3,2,1,2
4,4,4,3,4,4,3,5,4,2,3,3,3,3,2,3,3,4,4,3,2,2,2,0,1
4,4,5,3,4,4,5,5,4,3,3,2,4,2,2,2,1,1,3,2,3,1,1,0,4
5,5,5,5,4,5,3,5,4,3,3,3,3,3,4,3,3,4,1,3,5,3,2,1,3
5,5,5,5,4,5,4,4,5,5,4,4,4,3,5,4,4,3,4,3,3,3,5,1,3
4,4,5,4,4,3,3,3,5,3,4,4,3,4,2,2,3,3,4,3,2,2,3,0,3
3,4,3,3,4,3,3,4,3,4,4,3,4,4,2,3,3,4,3,3,3,3,3,0,2
3,3,3,3,4,3,3,4,3,3,2,4,2,2,2,1,1,3,2,3,NA,NA,NA,NA,NA
4,5,4,3,3,4,5,4,5,4,4,5,4,5,4,2,3,3,4,4,2,4,3,1,4
5,4,5,2,3,4,4,5,5,4,3,4,4,3,4,5,4,NA,1,5,1,4,3,1,NA
3,4,3,4,4,4,5,4,3,3,5,5,3,5,4,3,4,2,3,2,3,2,4,1,3
5,5,4,2,4,4,4,5,4,5,2,4,4,3,3,4,3,1,5,1,5,1,5,0,5
5,4,5,2,3,3,3,3,4,2,4,2,3,4,3,3,3,4,3,4,2,4,3,0,4
5,5,3,4,5,5,5,5,4,5,5,4,4,4,4,4,4,1,4,2,4,2,5,0,3
5,5,5,5,5,5,4,5,5,4,4,4,4,5,3,3,4,3,4,3,4,3,4,0,3
4,4,5,4,4,5,4,5,4,2,5,4,4,4,4,3,4,3,5,3,3,3,4,0,4
3,3,4,4,3,4,4,5,3,2,3,3,4,3,1,2,1,4,3,5,1,4,3,0,3
3,4,4,3,4,2,4,4,2,2,4,3,5,5,4,4,5,2,4,2,4,2,4,0,3
5,4,5,4,4,4,4,5,5,4,3,2,2,4,3,3,2,2,5,2,3,2,5,0,5
5,4,5,5,5,5,3,5,5,4,5,5,4,5,4,4,4,1,5,1,6,1,5,1,3
5,4,5,5,5,4,5,5,4,5,4,3,4,4,4,5,5,4,4,3,6,3,5,1,4
5,5,5,5,5,3,3,5,5,4,3,2,3,1,3,2,2,1,4,1,4,NA,NA,NA,NA
4,5,3,3,4,3,4,4,2,3,4,4,3,4,4,3,3,5,1,5,2,6,2,1,5
4,5,4,4,5,4,4,3,5,4,4,3,3,3,3,2,2,4,3,4,2,4,2,1,3
4,5,3,3,3,3,5,4,4,2,3,3,2,3,4,5,5,3,4,2,4,3,2,1,2
3,4,2,4,4,4,3,4,2,3,3,3,3,3,3,2,2,2,4,2,3,3,4,0,4
3,5,3,5,5,3,5,3,4,3,3,2,4,3,3,2,4,3,3,2,2,2,3,1,4
3,4,4,5,4,5,5,3,3,3,1,3,4,2,2,3,2,3,4,2,5,1,4,1,3
4,2,5,4,4,4,3,4,5,3,4,5,3,4,5,5,4,4,4,3,3,5,3,0,4
4,4,2,3,4,3,2,4,2,2,2,2,2,2,2,2,3,3,3,3,5,2,4,0,3
5,3,4,2,3,3,1,4,5,4,5,4,5,4,1,2,2,3,3,4,4,3,2,0,3
4,4,3,3,3,3,4,2,3,3,3,5,5,5,3,3,4,4,3,3,2,5,3,0,2
5,4,5,3,4,5,3,5,4,5,5,5,5,4,3,4,4,2,5,1,4,2,4,0,4
5,2,4,2,3,3,3,4,5,2,4,3,5,5,4,4,5,4,4,3,4,4,2,0,2
4,4,4,2,3,4,5,4,4,3,2,1,2,2,3,3,3,1,3,1,2,2,3,0,3
4,5,3,4,5,4,4,5,5,4,5,4,4,3,2,2,1,2,5,2,4,2,6,0,4
4,2,3,2,3,3,2,3,3,4,5,4,4,4,3,3,3,3,2,4,2,3,1,1,3
3,4,3,5,5,2,5,2,3,3,4,5,3,3,3,4,5,3,5,3,5,2,6,0,4
4,4,5,4,4,4,5,4,4,5,5,4,4,3,4,3,3,4,4,3,4,4,3,0,5
4,4,4,4,4,4,4,5,5,5,4,2,4,4,4,3,4,2,4,2,4,3,3,0,4
5,5,5,5,4,4,5,4,5,2,4,2,4,3,2,2,2,3,5,3,5,1,4,1,5
3,3,3,3,5,5,5,4,3,3,3,5,5,4,3,3,3,5,4,4,2,4,3,0,5
3,5,4,4,4,5,4,4,3,4,2,3,3,3,3,3,2,1,6,1,5,NA,NA,NA,NA
3,5,2,3,4,3,4,4,3,2,3,4,2,3,4,4,4,3,4,3,4,3,3,1,2
5,4,4,3,3,4,3,4,5,4,3,5,3,3,3,2,3,3,3,3,2,3,2,0,4
5,5,5,5,5,5,4,5,5,4,3,3,3,3,3,4,4,2,5,3,3,1,5,0,4
4,3,3,3,4,5,3,5,3,4,5,4,4,5,3,3,4,2,1,3,2,3,3,0,3
5,3,5,4,4,5,2,5,5,5,1,2,3,2,1,1,2,2,3,2,3,2,3,0,4
4,4,3,3,4,3,3,3,4,2,4,3,1,2,5,5,4,4,2,3,4,3,3,0,4
5,4,3,4,4,4,4,4,5,3,5,5,3,3,4,4,4,3,3,2,4,3,4,0,2
4,4,3,5,4,3,3,4,3,3,5,4,5,4,5,4,4,3,5,3,5,2,4,0,3
3,3,3,3,4,3,3,3,3,2,5,5,4,5,3,3,3,4,3,4,4,4,3,0,3
4,5,4,5,5,4,5,5,3,4,3,4,3,4,3,3,3,3,3,3,4,3,4,0,5
4,3,3,3,2,3,1,4,3,2,3,4,3,3,4,3,3,4,5,3,4,4,5,1,3
5,2,5,4,3,4,4,5,5,5,5,5,5,5,5,5,5,4,4,3,5,2,4,0,3
4,5,5,5,5,5,5,5,4,4,4,3,2,3,1,2,3,3,4,3,5,2,3,0,4
3,5,3,2,4,4,3,4,4,1,2,3,4,2,2,3,3,2,3,3,6,2,4,0,3
3,5,4,3,4,3,5,3,2,3,5,4,5,4,3,3,5,4,3,4,3,3,2,1,3
5,4,4,4,4,4,3,5,5,5,3,4,4,4,3,3,3,3,2,3,2,2,2,1,4
4,3,2,3,2,2,3,3,1,3,3,4,3,5,3,3,4,3,3,3,4,3,4,1,2
4,5,5,4,5,5,4,5,4,4,3,4,4,4,3,3,3,3,3,1,4,1,3,1,3
5,4,5,5,4,4,3,5,4,4,4,3,3,4,4,4,3,3,4,4,5,2,4,1,3
5,3,4,4,3,4,3,4,4,5,3,4,2,2,2,2,2,4,5,4,4,4,5,0,4
5,4,5,3,4,4,3,5,2,4,4,4,5,4,2,3,2,3,3,1,3,2,3,0,1
5,3,5,4,3,4,2,5,4,5,4,2,3,4,4,3,3,3,6,1,5,2,4,0,3
3,4,4,2,3,3,4,3,4,3,3,4,4,3,3,3,4,3,4,3,1,2,2,0,4
5,4,4,4,3,4,2,5,4,3,5,4,4,4,5,3,4,4,2,4,3,3,3,1,4
3,4,3,3,5,4,5,4,2,1,2,1,2,2,1,2,2,1,4,1,4,1,3,1,5
4,4,4,3,5,3,3,4,4,3,2,4,3,4,3,3,3,3,3,3,3,3,2,0,3
3,4,3,5,4,3,3,3,3,3,2,1,2,1,3,3,3,3,4,2,4,2,3,0,1
5,5,5,5,5,5,4,3,4,2,3,2,4,2,2,3,2,4,2,4,2,4,3,0,3
4,3,3,4,3,4,4,3,4,3,4,5,4,5,4,4,4,5,2,4,1,4,2,1,2
4,3,5,2,2,4,4,4,4,3,4,5,4,3,1,1,1,5,2,4,2,4,3,1,5
5,5,5,4,4,4,3,4,4,2,5,4,4,4,4,4,3,4,4,2,5,3,4,0,2
4,4,3,3,4,4,3,4,4,4,3,1,3,2,2,2,3,3,4,2,2,3,3,0,4
4,5,5,4,5,4,4,5,4,2,2,3,4,3,2,1,1,1,4,2,4,1,5,1,2
5,5,5,5,5,3,5,5,4,3,3,2,4,3,3,3,3,1,4,2,3,1,4,0,2
3,5,2,4,4,3,4,2,4,4,3,2,3,3,4,3,2,4,5,2,4,2,4,1,4
4,5,3,4,4,3,5,4,3,3,4,3,5,4,4,4,3,2,4,4,4,4,3,0,4
4,5,3,5,4,3,3,3,5,4,5,2,2,3,3,4,3,2,5,2,4,2,5,1,3
4,5,4,4,4,5,5,4,3,2,3,4,4,4,3,3,3,2,6,2,6,2,5,1,2
5,5,5,4,4,5,5,4,4,2,4,4,5,4,3,4,4,2,4,3,4,3,4,0,4
4,5,5,5,5,5,4,5,4,4,4,5,4,4,2,3,3,2,3,3,5,2,5,0,1
4,4,4,3,5,5,3,4,5,4,2,3,4,3,4,3,2,4,2,4,2,3,1,1,4
5,5,4,5,5,3,4,4,5,4,4,3,3,2,2,2,3,2,2,3,2,2,1,1,2
5,5,4,5,4,5,4,4,4,2,4,4,5,5,3,4,3,3,3,3,4,2,3,1,3
4,5,2,5,5,3,4,3,3,1,3,3,2,3,2,3,4,2,5,1,4,NA,NA,NA,NA
4,4,4,5,4,3,4,4,4,2,5,3,4,5,3,4,3,2,5,3,3,1,4,0,2
5,4,5,4,4,4,4,5,3,2,2,3,3,5,2,3,3,1,4,1,3,2,4,0,3
5,5,5,4,5,5,4,4,4,4,3,3,5,3,2,2,2,4,2,4,2,4,2,0,4
3,3,3,2,3,3,3,4,3,2,3,2,3,3,3,2,3,1,5,1,5,2,4,1,4
5,5,5,4,5,5,4,5,5,4,3,4,3,3,4,4,4,3,3,3,3,3,4,1,4
5,3,5,2,3,3,2,4,4,4,4,3,4,4,3,3,3,3,2,3,2,1,2,0,5
5,4,4,4,5,5,5,5,5,3,3,3,3,3,4,4,4,2,5,2,4,3,4,1,3
5,5,5,5,5,5,5,5,5,4,4,3,4,4,3,3,4,2,5,2,4,1,4,1,3
4,5,4,2,4,2,2,4,2,2,4,4,3,4,2,3,3,3,4,3,3,3,4,0,4
4,4,4,3,3,4,4,4,4,4,3,4,3,3,3,3,3,4,4,4,3,3,3,0,4
5,5,3,4,4,5,5,5,5,4,1,2,2,1,4,2,2,3,4,2,4,2,5,1,3
5,4,5,3,5,5,4,4,5,4,4,5,5,5,2,5,4,3,4,2,4,2,4,0,4
4,3,4,4,5,4,4,4,4,1,3,5,5,5,5,4,5,4,3,5,4,3,4,1,4
4,5,4,5,5,5,4,5,5,2,4,2,3,2,3,2,4,1,3,2,2,2,4,0,4
5,4,5,4,4,5,4,5,4,4,4,2,1,2,3,3,3,2,5,2,4,3,5,1,2
3,4,3,3,4,3,4,3,3,2,5,3,4,4,1,1,2,3,3,3,2,3,3,1,4
3,5,4,3,4,3,3,4,4,3,4,4,4,2,3,3,3,3,2,3,3,3,3,1,2
3,3,4,3,2,3,2,3,4,3,5,5,4,4,2,2,2,1,3,2,2,2,2,0,3
4,4,4,4,4,4,2,4,3,2,3,1,3,3,2,3,2,2,5,1,4,1,6,1,1
4,5,3,5,4,4,5,4,4,3,4,3,4,3,3,2,3,3,3,4,4,3,2,1,2
3,4,1,2,3,5,4,2,2,1,5,5,5,4,3,3,3,3,4,3,4,3,4,0,4
4,5,3,3,4,3,5,4,3,3,3,2,3,4,3,4,3,2,3,1,3,1,3,1,2
5,3,4,2,4,4,3,4,4,2,2,3,4,2,3,3,3,3,3,3,1,3,3,1,4
4,5,5,5,4,4,3,4,4,4,5,4,3,3,2,3,2,2,5,2,3,2,3,1,3
4,5,5,4,5,4,4,5,5,3,3,2,1,2,2,3,2,1,5,1,4,1,4,0,4
4,4,4,4,3,4,2,5,2,3,2,2,4,3,3,3,3,2,4,2,3,2,4,0,4
4,5,4,4,4,4,4,4,5,2,3,2,2,2,4,3,2,2,4,2,5,2,5,1,1
5,3,5,3,4,5,2,4,5,3,3,4,4,4,3,3,4,3,5,3,5,2,4,0,2
4,4,4,4,4,5,4,5,4,5,5,5,5,5,4,4,4,3,4,3,6,3,6,0,4
4,3,4,2,3,2,3,3,4,3,3,3,3,3,2,3,3,3,2,3,3,4,1,0,3
4,3,3,2,4,4,2,3,4,3,4,3,3,3,4,3,3,3,1,4,2,5,2,1,4
4,4,4,2,4,4,3,4,4,2,5,3,4,4,5,5,5,2,6,2,4,2,6,1,2
3,3,3,3,4,3,3,2,3,3,3,3,2,3,1,2,2,4,1,5,1,3,2,1,3
5,4,4,5,5,5,4,4,5,4,3,1,2,3,2,2,2,1,2,1,3,1,2,0,3
5,3,5,4,4,5,4,4,4,2,4,3,3,3,2,3,3,3,2,2,1,2,2,1,3
5,5,3,4,4,5,2,4,4,3,4,2,4,3,2,2,3,3,5,3,5,2,6,0,3
4,2,4,2,2,4,4,4,4,4,3,4,2,1,4,4,4,2,3,3,3,2,3,0,3
4,5,4,4,4,4,3,3,4,4,2,4,3,4,2,2,2,3,4,2,3,2,4,1,3
4,5,3,4,4,3,4,4,5,2,3,2,3,2,3,3,2,1,6,1,5,1,6,0,2
5,4,4,4,2,4,4,4,3,3,3,3,2,3,2,3,3,3,3,2,4,3,3,1,3
4,5,4,4,4,3,3,5,4,5,3,2,1,3,2,3,2,1,5,1,5,1,6,1,3
4,5,4,3,4,3,4,4,4,4,5,4,4,5,4,4,5,4,5,3,4,4,5,1,3
3,2,2,3,3,3,4,3,4,3,3,NA,NA,NA,NA,NA,NA,NA,NA,NA,NA,NA,NA,NA,NA
5,4,4,3,4,3,3,3,3,4,4,4,2,3,3,4,2,2,4,1,4,1,5,0,4
3,4,3,5,5,3,4,4,2,3,3,3,1,3,3,3,2,1,3,1,4,2,5,0,3
5,5,4,4,4,4,4,4,4,4,3,2,2,2,4,4,4,2,4,2,4,2,4,0,3
4,5,5,3,4,5,4,5,5,4,2,4,3,4,4,3,3,2,4,2,3,2,3,1,1
3,3,5,3,4,3,3,4,3,2,4,5,4,4,3,3,3,3,3,1,4,3,3,1,4
4,5,3,3,4,4,2,4,4,5,5,5,4,4,4,5,4,3,4,3,4,3,4,0,3
4,5,5,5,5,3,5,4,5,1,4,4,5,3,3,4,3,2,5,2,4,2,5,0,4
4,3,4,3,2,4,2,4,3,4,4,4,3,3,2,3,2,2,5,1,5,NA,NA,NA,NA
5,3,5,3,4,3,2,4,5,3,2,2,3,2,3,3,3,2,2,2,3,3,2,0,4
4,5,5,4,4,5,5,4,4,4,4,4,3,4,3,4,3,2,5,2,4,2,5,0,5
3,3,3,1,2,4,1,3,3,1,3,2,3,2,5,4,4,2,3,2,4,3,4,0,1
5,5,4,4,4,4,3,5,5,2,5,3,5,4,2,2,2,4,4,4,2,4,3,1,4
4,4,4,3,5,3,4,5,4,4,3,1,3,3,2,2,2,3,5,2,5,2,3,1,3
4,4,4,4,4,5,4,4,5,1,2,4,3,3,3,2,2,1,4,1,4,2,4,0,2
4,4,2,4,5,4,4,3,4,3,5,4,5,4,4,4,5,3,3,3,3,3,3,1,3
4,3,2,3,3,3,2,2,3,4,2,4,4,3,2,3,3,3,2,4,2,3,2,1,3
4,3,3,4,3,5,2,4,3,3,3,2,4,4,2,2,2,2,3,2,3,3,2,0,4
4,5,4,4,4,3,3,5,3,4,1,1,4,2,3,3,2,4,1,4,1,4,1,1,3
3,4,3,4,3,2,4,3,3,2,3,3,4,3,2,3,4,4,4,4,3,4,2,1,3
4,5,5,5,5,4,5,4,4,3,2,4,5,3,3,3,3,4,4,3,4,2,3,1,3
3,4,4,4,4,3,5,4,3,4,5,4,5,4,4,3,5,4,5,3,5,2,4,1,3
4,5,4,3,5,3,4,4,4,3,3,3,2,3,2,2,1,1,4,1,5,1,5,0,4
2,4,3,4,2,2,3,4,3,3,5,4,4,4,3,2,2,4,4,3,5,5,4,1,4
5,3,4,3,3,4,4,4,5,3,3,3,3,2,2,2,2,4,3,4,2,4,3,1,5
4,3,4,3,3,4,3,4,4,2,4,3,4,4,4,4,3,3,4,3,3,2,3,1,2
4,5,4,4,4,4,3,4,4,4,5,4,4,5,4,3,3,2,5,3,4,2,4,0,2
5,5,5,3,5,5,4,5,5,3,4,3,4,5,3,3,3,2,4,2,4,3,4,0,4
4,5,5,4,3,5,4,5,5,5,5,4,5,5,2,4,3,4,4,5,2,4,3,1,4
5,3,5,4,3,5,3,5,4,2,3,2,3,2,2,3,2,3,4,3,4,2,4,0,4
3,5,3,5,3,4,3,4,4,5,3,3,2,3,3,4,3,3,3,3,2,3,3,1,3
4,4,4,4,2,2,4,4,3,2,3,3,1,2,2,2,1,1,3,1,1,1,3,1,4
4,4,3,4,4,4,2,5,5,5,3,4,3,3,4,3,2,4,4,3,4,2,3,1,4
3,5,5,4,4,3,4,3,4,2,4,4,3,3,3,3,3,1,3,1,2,2,3,0,2
5,3,2,3,4,4,4,3,3,3,5,2,3,3,3,3,3,2,5,3,4,2,6,0,3
4,5,5,4,5,5,5,4,4,3,2,3,3,2,3,3,3,2,5,3,5,2,3,0,3
3,4,3,3,1,3,3,4,2,1,4,2,5,4,4,3,3,5,2,5,2,5,2,0,3
4,4,3,4,4,3,3,3,3,4,4,3,3,3,3,3,3,4,2,3,2,4,2,1,2
3,5,3,5,5,2,5,3,2,1,2,2,2,3,3,2,3,3,2,4,3,2,2,1,5
4,4,4,2,3,4,4,5,4,2,2,4,4,2,3,4,3,2,4,3,4,3,3,0,2
4,5,4,4,5,3,3,4,3,3,4,4,4,4,2,2,3,3,3,3,3,3,2,1,2
4,5,5,4,4,4,3,5,5,4,4,2,3,1,2,1,1,1,5,2,5,3,5,1,2
5,5,3,5,5,5,5,5,3,4,3,2,3,3,3,2,3,3,1,2,1,4,2,1,3
5,4,5,2,5,5,3,5,5,5,4,1,3,2,3,1,2,1,3,1,2,1,3,1,3
5,5,5,5,5,5,3,4,5,5,5,2,2,2,3,2,2,1,4,1,3,NA,NA,NA,NA
3,2,3,3,4,4,3,3,3,2,4,1,4,3,2,2,3,2,2,3,3,3,3,1,4
4,4,3,3,3,5,4,4,3,4,3,1,3,4,4,4,4,4,3,3,3,3,2,1,3
4,4,4,2,4,4,4,4,4,3,4,4,4,5,3,4,3,2,4,2,5,2,5,0,4
5,5,2,4,4,2,4,3,2,1,3,3,3,4,4,3,4,2,4,3,2,3,3,1,1
4,4,4,3,4,5,2,3,5,2,5,4,4,4,5,5,5,5,5,5,6,4,5,1,2
4,3,3,4,4,3,4,4,4,3,3,2,2,2,3,3,3,2,3,2,3,2,2,0,4
3,4,4,2,4,3,2,4,3,2,3,1,1,4,3,3,3,2,3,2,3,1,4,1,3
3,4,4,2,3,3,3,4,3,2,3,3,3,3,3,3,3,1,5,2,4,2,5,1,1
5,4,4,4,4,4,3,4,4,2,4,3,3,4,3,4,5,1,5,3,4,2,5,0,3
3,4,4,3,4,3,2,4,3,4,4,3,4,2,4,4,4,4,2,4,3,4,2,1,4
4,5,4,5,5,3,4,4,4,3,2,4,3,3,4,2,2,3,4,5,1,3,3,0,4
4,4,3,2,3,4,3,4,4,2,4,4,3,3,3,3,3,2,4,1,4,1,2,0,4
5,5,5,3,4,5,4,4,5,5,4,2,3,2,3,1,2,2,4,3,2,3,3,0,2
5,5,5,4,4,5,5,5,4,5,4,3,3,3,2,3,2,4,3,3,2,2,3,1,4
2,4,5,4,4,4,5,3,4,1,4,5,3,4,4,3,3,2,6,1,5,2,5,0,2
2,3,3,2,3,2,4,2,2,2,4,4,3,3,5,4,3,4,5,4,4,4,5,0,3
4,3,4,4,4,4,2,4,5,1,5,5,5,5,3,2,2,2,4,2,5,1,5,0,5
4,5,4,4,3,5,4,5,3,3,5,3,4,4,3,4,3,3,2,2,2,3,2,1,2
5,5,5,4,4,5,4,5,5,5,5,3,5,4,3,4,3,2,5,2,5,2,5,0,4
5,5,5,4,5,5,4,5,5,4,4,4,5,5,5,4,5,1,6,1,6,1,6,1,3
3,4,4,3,3,3,4,3,3,2,3,5,4,4,4,4,4,4,3,4,2,3,3,0,3
5,4,4,4,5,5,3,5,3,3,3,4,4,5,2,2,2,4,2,4,2,3,1,0,5
3,5,3,5,4,3,3,5,3,4,2,2,3,2,4,4,3,5,2,2,1,4,1,0,5
3,5,3,3,4,2,4,3,2,1,3,4,5,4,4,4,4,5,2,6,2,6,2,1,3
3,3,5,2,3,4,3,4,4,3,2,3,3,3,4,3,4,3,2,2,2,3,3,1,2
3,4,5,5,4,4,5,5,4,5,5,4,3,2,2,2,3,3,4,4,5,3,4,1,5
3,2,4,2,3,5,3,4,4,3,2,5,3,2,1,2,2,3,1,3,2,2,4,1,2
3,2,3,2,3,2,3,4,3,2,3,3,3,2,1,2,1,4,4,3,3,4,3,0,4
3,4,2,4,3,3,4,3,2,1,3,5,4,5,3,4,4,2,4,2,2,1,4,0,2
2,4,3,2,4,3,1,3,3,3,2,3,2,2,3,3,3,3,4,3,3,3,4,1,2
4,5,4,4,5,5,2,4,4,3,3,3,3,4,3,2,2,1,3,2,5,1,3,1,4
4,4,5,3,3,5,4,4,3,4,4,3,3,3,1,3,2,3,2,2,1,1,1,1,4
3,5,4,3,3,3,2,4,3,3,3,2,2,2,2,2,1,4,5,4,3,4,4,0,3
5,4,5,4,5,4,4,5,5,4,4,2,4,3,4,3,4,1,3,2,4,2,4,0,3
5,3,4,3,4,5,4,5,5,4,5,4,5,5,3,3,4,2,4,2,3,1,2,0,5
4,4,4,4,5,3,3,4,3,2,3,3,3,2,3,2,3,1,2,2,2,2,4,0,2
3,3,4,2,3,3,4,2,3,1,3,4,5,3,3,3,3,5,1,4,2,4,1,0,3
5,5,4,4,5,3,5,4,3,2,5,3,4,5,2,2,2,4,4,2,4,4,4,0,5
4,4,3,4,4,4,2,5,5,5,3,4,3,3,4,3,2,4,4,3,4,2,3,1,4
3,5,5,4,4,3,4,3,4,2,4,4,3,3,3,3,3,1,3,1,2,2,3,0,2
5,3,2,3,4,4,4,3,3,3,5,2,3,3,3,3,3,2,5,3,4,2,6,0,3
4,5,5,4,5,5,5,4,4,3,2,3,3,2,3,3,3,2,5,3,5,2,3,0,3
3,4,3,3,1,3,3,4,2,1,4,2,5,4,4,3,3,5,2,5,2,5,2,0,3
4,4,3,4,4,3,3,3,3,4,4,3,3,3,3,3,3,4,2,3,2,4,2,1,2
3,5,3,5,5,2,5,3,2,1,2,2,2,3,3,2,3,3,2,4,3,2,2,1,5
4,4,4,2,3,4,4,5,4,2,2,4,4,2,3,4,3,2,4,3,4,3,3,0,2
4,5,4,4,5,3,3,4,3,3,4,4,4,4,2,2,3,3,3,3,3,3,2,1,2
4,5,5,4,4,4,3,5,5,4,4,2,3,1,2,1,1,1,5,2,5,3,5,1,2
5,5,3,5,5,5,5,5,3,4,3,2,3,3,3,2,3,3,1,2,1,4,2,1,3
5,4,5,2,5,5,3,5,5,5,4,1,3,2,3,1,2,1,3,1,2,1,3,1,3
5,5,5,5,5,5,3,4,5,5,5,2,2,2,3,2,2,1,4,1,3,NA,NA,NA,NA
3,2,3,3,4,4,3,3,3,2,4,1,4,3,2,2,3,2,2,3,3,3,3,1,4
4,4,3,3,3,5,4,4,3,4,3,1,3,4,4,4,4,4,3,3,3,3,2,1,3
4,4,4,2,4,4,4,4,4,3,4,4,4,5,3,4,3,2,4,2,5,2,5,0,4
5,5,2,4,4,2,4,3,2,1,3,3,3,4,4,3,4,2,4,3,2,3,3,1,1
4,4,4,3,4,5,2,3,5,2,5,4,4,4,5,5,5,5,5,5,6,4,5,1,2
4,3,3,4,4,3,4,4,4,3,3,2,2,2,3,3,3,2,3,2,3,2,2,0,4
3,4,4,2,4,3,2,4,3,2,3,1,1,4,3,3,3,2,3,2,3,1,4,1,3
3,4,4,2,3,3,3,4,3,2,3,3,3,3,3,3,3,1,5,2,4,2,5,1,1
5,4,4,4,4,4,3,4,4,2,4,3,3,4,3,4,5,1,5,3,4,2,5,0,3
3,4,4,3,4,3,2,4,3,4,4,3,4,2,4,4,4,4,2,4,3,4,2,1,4
4,5,4,5,5,3,4,4,4,3,2,4,3,3,4,2,2,3,4,5,1,3,3,0,4
4,4,3,2,3,4,3,4,4,2,4,4,3,3,3,3,3,2,4,1,4,1,2,0,4
5,5,5,3,4,5,4,4,5,5,4,2,3,2,3,1,2,2,4,3,2,3,3,0,2
5,5,5,4,4,5,5,5,4,5,4,3,3,3,2,3,2,4,3,3,2,2,3,1,4
2,4,5,4,4,4,5,3,4,1,4,5,3,4,4,3,3,2,6,1,5,2,5,0,2
2,3,3,2,3,2,4,2,2,2,4,4,3,3,5,4,3,4,5,4,4,4,5,0,3
4,3,4,4,4,4,2,4,5,1,5,5,5,5,3,2,2,2,4,2,5,1,5,0,5
4,5,4,4,3,5,4,5,3,3,5,3,4,4,3,4,3,3,2,2,2,3,2,1,2
5,5,5,4,4,5,4,5,5,5,5,3,5,4,3,4,3,2,5,2,5,2,5,0,4
5,5,5,4,5,5,4,5,5,4,4,4,5,5,5,4,5,1,6,1,6,1,6,1,3
3,4,4,3,3,3,4,3,3,2,3,5,4,4,4,4,4,4,3,4,2,3,3,0,3
5,4,4,4,5,5,3,5,3,3,3,4,4,5,2,2,2,4,2,4,2,3,1,0,5
3,5,3,5,4,3,3,5,3,4,2,2,3,2,4,4,3,5,2,2,1,4,1,0,5
3,5,3,3,4,2,4,3,2,1,3,4,5,4,4,4,4,5,2,6,2,6,2,1,3
3,3,5,2,3,4,3,4,4,3,2,3,3,3,4,3,4,3,2,2,2,3,3,1,2
3,4,5,5,4,4,5,5,4,5,5,4,3,2,2,2,3,3,4,4,5,3,4,1,5
3,2,4,2,3,5,3,4,4,3,2,5,3,2,1,2,2,3,1,3,2,2,4,1,2
3,2,3,2,3,2,3,4,3,2,3,3,3,2,1,2,1,4,4,3,3,4,3,0,4
3,4,2,4,3,3,4,3,2,1,3,5,4,5,3,4,4,2,4,2,2,1,4,0,2
2,4,3,2,4,3,1,3,3,3,2,3,2,2,3,3,3,3,4,3,3,3,4,1,2
4,5,4,4,5,5,2,4,4,3,3,3,3,4,3,2,2,1,3,2,5,1,3,1,4
4,4,5,3,3,5,4,4,3,4,4,3,3,3,1,3,2,3,2,2,1,1,1,1,4
3,5,4,3,3,3,2,4,3,3,3,2,2,2,2,2,1,4,5,4,3,4,4,0,3
5,4,5,4,5,4,4,5,5,4,4,2,4,3,4,3,4,1,3,2,4,2,4,0,3
5,3,4,3,4,5,4,5,5,4,5,4,5,5,3,3,4,2,4,2,3,1,2,0,5
4,4,4,4,5,3,3,4,3,2,3,3,3,2,3,2,3,1,2,2,2,2,4,0,2
3,3,4,2,3,3,4,2,3,1,3,4,5,3,3,3,3,5,1,4,2,4,1,0,3
5,5,4,4,5,3,5,4,3,2,5,3,4,5,2,2,2,4,4,2,4,4,4,0,5
